{
  "dlpfc": {
    "centroid": [
      0.07320968456223965,
      1.8531461357481644,
      0.14158107321563704
    ],
    "triangles": 56811,
    "vertices": 32904
  },
  "medial-prefrontal": {
    "centroid": [
      0.04090206511687394,
      1.6780268125156719,
      0.5966264975413413
    ],
    "triangles": 49812,
    "vertices": 27899
  },
  "orbitofrontal": {
    "centroid": [
      -0.03561665262611183,
      1.4773319278112524,
      -1.0598010303933265
    ],
    "triangles": 35707,
    "vertices": 21926
  },
  "frontal-pole": {
    "centroid": [
      -0.027379402151489998,
      2.6498123384764973,
      -1.0960045753497083
    ],
    "triangles": 1609,
    "vertices": 1266
  },
  "vlpfc": {
    "centroid": [
      0.25527758838918685,
      1.4857805869097458,
      -0.42022601567906676
    ],
    "triangles": 27821,
    "vertices": 17669
  },
  "primary-motor-cortex": {
    "centroid": [
      -0.10064305572251933,
      0.5578163592667413,
      0.7999148350288715
    ],
    "triangles": 34482,
    "vertices": 20318
  },
  "premotor-sma": {
    "centroid": [
      0.02510549502171244,
      -0.05949748651483412,
      1.3747631451495275
    ],
    "triangles": 11996,
    "vertices": 7323
  },
  "anterior-cingulate": {
    "centroid": [
      0.009707140922873246,
      1.4514724727843236,
      -0.23827624402564138
    ],
    "triangles": 10510,
    "vertices": 7347
  },
  "primary-somatosensory": {
    "centroid": [
      -0.012998937193578884,
      0.08574610041498108,
      0.9499064111194464
    ],
    "triangles": 29482,
    "vertices": 17437
  },
  "superior-parietal": {
    "centroid": [
      0.03223452332523937,
      -1.324438045943815,
      1.2354604288388742
    ],
    "triangles": 34462,
    "vertices": 20189
  },
  "inferior-parietal": {
    "centroid": [
      0.1853894978116084,
      -1.454611408016827,
      0.8155745341541019
    ],
    "triangles": 36993,
    "vertices": 20958
  },
  "supramarginal-gyrus": {
    "centroid": [
      -0.07015609836417543,
      -0.4657233425343369,
      0.7314108248904008
    ],
    "triangles": 27232,
    "vertices": 15714
  },
  "angular-gyrus": {
    "centroid": [
      -0.3472072040344192,
      -0.8461146862300398,
      -0.004349218087282517
    ],
    "triangles": 7962,
    "vertices": 5231
  },
  "precuneus": {
    "centroid": [
      0.027775575217935257,
      -1.192746033077286,
      0.9441193070755188
    ],
    "triangles": 26267,
    "vertices": 15475
  },
  "posterior-cingulate": {
    "centroid": [
      0.009406215815550689,
      -0.31119444994719153,
      0.5352621848853432
    ],
    "triangles": 16241,
    "vertices": 10888
  },
  "superior-temporal": {
    "centroid": [
      -0.10724365627843359,
      0.06837030238210479,
      -0.5240250266530048
    ],
    "triangles": 24470,
    "vertices": 14728
  },
  "middle-temporal": {
    "centroid": [
      0.0724473254173945,
      -0.5239109175972326,
      -0.6701936753768312
    ],
    "triangles": 24887,
    "vertices": 15175
  },
  "inferior-temporal": {
    "centroid": [
      -0.039981914019272285,
      -0.7584428305983115,
      -0.9929356583540508
    ],
    "triangles": 23682,
    "vertices": 14273
  },
  "transverse-temporal": {
    "centroid": [
      0.07291366511573208,
      -0.08195087467468981,
      -0.10660565460888398
    ],
    "triangles": 3241,
    "vertices": 2356
  },
  "temporal-pole": {
    "centroid": [
      -0.12009181088206504,
      0.657205833535044,
      -1.5306013146277164
    ],
    "triangles": 3074,
    "vertices": 2251
  },
  "fusiform-gyrus": {
    "centroid": [
      -0.07035965336163838,
      -0.9940951862774858,
      -0.9002516094344003
    ],
    "triangles": 21628,
    "vertices": 13125
  },
  "entorhinal-cortex": {
    "centroid": [
      -0.22114484954169178,
      0.10187556186911012,
      -1.4018603242975662
    ],
    "triangles": 2914,
    "vertices": 2311
  },
  "parahippocampal": {
    "centroid": [
      -0.1192225219078467,
      -0.675363590667667,
      -0.8335518649381372
    ],
    "triangles": 6226,
    "vertices": 4260
  },
  "lateral-occipital": {
    "centroid": [
      -0.014126789850953956,
      -2.2761964358860483,
      -0.14292272889209648
    ],
    "triangles": 28857,
    "vertices": 16685
  },
  "cuneus": {
    "centroid": [
      0.019731184570223794,
      -2.16784367347563,
      0.4475747888827766
    ],
    "triangles": 10213,
    "vertices": 6502
  },
  "pericalcarine": {
    "centroid": [
      -0.017067209158081607,
      -2.1311900640548456,
      0.10001366529710581
    ],
    "triangles": 8816,
    "vertices": 5899
  },
  "lingual-gyrus": {
    "centroid": [
      -0.0360229567299899,
      -1.8457644400250006,
      -0.20146208040783828
    ],
    "triangles": 19907,
    "vertices": 11721
  },
  "insular-cortex": {
    "centroid": [
      -0.05510775267119325,
      0.5055073246738998,
      -0.4200772710734273
    ],
    "triangles": 14694,
    "vertices": 9141
  },
  "caudate": {
    "centroid": [
      -0.0026288162279879184,
      0.7453072134174216,
      -0.1560883045898677
    ],
    "triangles": 11692,
    "vertices": 5848
  },
  "putamen": {
    "centroid": [
      -0.06414323469607648,
      0.48466587544926554,
      -0.47366326248663976
    ],
    "triangles": 13268,
    "vertices": 6638
  },
  "pallidum": {
    "centroid": [
      -0.12040749128183088,
      0.3794932243885064,
      -0.5310946201531955
    ],
    "triangles": 5296,
    "vertices": 2652
  },
  "accumbens": {
    "centroid": [
      0.019106806631148898,
      0.7663485932661348,
      -0.6694302361812617
    ],
    "triangles": 2980,
    "vertices": 1494
  },
  "hippocampus": {
    "centroid": [
      0.000058724649136937964,
      -0.38784684056528396,
      -0.7110031144476533
    ],
    "triangles": 13900,
    "vertices": 6954
  },
  "amygdala": {
    "centroid": [
      -0.048888944249847244,
      0.17081603060607675,
      -0.9930519643372036
    ],
    "triangles": 4636,
    "vertices": 2322
  },
  "thalamus": {
    "centroid": [
      -0.04815877049072559,
      -0.09571631382919338,
      -0.15455352333242037
    ],
    "triangles": 14280,
    "vertices": 7144
  },
  "hypothalamus": {
    "centroid": [
      -0.026727474729585386,
      -0.09810330741638815,
      -0.637476982585215
    ],
    "triangles": 12496,
    "vertices": 6246
  },
  "brainstem": {
    "centroid": [
      -0.03668494831349248,
      -0.7715746604012055,
      -1.1746499884031552
    ],
    "triangles": 17452,
    "vertices": 8724
  },
  "substantia-nigra": {
    "centroid": [
      0.016156936714635094,
      -0.46345224764925486,
      -0.5017437292979314
    ],
    "triangles": 576,
    "vertices": 338
  },
  "cerebellum": {
    "centroid": [
      -0.12851136516467107,
      -1.811070294292075,
      -1.251349971937384
    ],
    "triangles": 116340,
    "vertices": 58094
  },
  "corpus-callosum": {
    "centroid": [
      -0.021540417125030457,
      0.40694752849004423,
      0.055828232780881094
    ],
    "triangles": 5760,
    "vertices": 2890
  }
}